{"type": "metrics", "dataset": "train", "precision": 0.6932966024, "balanced_accuracy": 0.6391959574465568, "recall": 0.31944150624074463, "f1_score": 0.4373642288196959}
{"type": "metrics", "dataset": "test", "precision": 0.7017913593, "balanced_accuracy": 0.6547057822566611, "recall": 0.34942287513116477, "f1_score": 0.46654991243432575}
{"type": "cm_matrix", "dataset": "train", "true_0": {"predicted_0": 15605, "predicted_1": 668}, "true_1": {"predicted_0": 3217, "predicted_1": 1510}}
{"type": "cm_matrix", "dataset": "test", "true_0": {"predicted_0": 6790, "predicted_1": 283}, "true_1": {"predicted_0": 1240, "predicted_1": 666}}
